{
"lengthUnit": "mil",
"remark": [],
"components": {
	"fields": ["COMPONENT_NO", "COMPONENT_NAME", "LAYER", "X_COORDINATE", "Y_COORDINATE", "ANGLE"],
	"rows": [
		[1, "C1", "T", 1120, -210, 180],
		[2, "C2", "T", 1130, -790, 180],
		[3, "C3", "T", 745, -970, 90],
		[4, "C4", "T", 645, -970, 90],
		[5, "C5", "T", 1030, -65, 0],
		[6, "C6", "T", 1425, -1180, 270],
		[7, "C7", "T", 1210, -1170, 90],
		[8, "C8", "T", 610, -1280, 90],
		[9, "C9", "T", 140, -580, 270],
		[10, "C10", "T", 65, -580, 270],
		[11, "C12", "T", 1410, -160, 90],
		[12, "C13", "T", 1510, -425, 90],
		[13, "Cout", "T", 1760, -740, 270],
		[14, "D1", "T", 1245, -745, 90],
		[15, "DC1", "T", 1775, -1050, 180],
		[16, "H1", "T", 240, -95, 0],
		[17, "H2", "T", 1690, -250, 90],
		[18, "H3", "T", 1855, -250, 90],
		[19, "L1", "T", 1440, -760, 90],
		[20, "LED1", "T", 235, -205, 0],
		[21, "LED2", "T", 235, -290, 0],
		[22, "R1", "T", 860, -510, 270],
		[23, "R2", "T", 610, -1135, 270],
		[24, "R3", "T", 1180, -65, 0],
		[25, "R4", "T", 95, -205, 180],
		[26, "R5", "T", 95, -290, 180],
		[27, "R6", "T", 1235, -940, 270],
		[28, "R8", "T", 765, -1135, 270],
		[29, "R10", "T", 140, -420, 90],
		[30, "R11", "T", 65, -420, 270],
		[31, "R12", "T", 1130, -1170, 90],
		[32, "SW1", "T", 710, -110, 180],
		[33, "SW2", "T", 300, -1025, 180],
		[34, "U3", "T", 545, -455, 90],
		[35, "U4", "T", 950, -1100, 270],
		[36, "U5", "T", 1250, -415, 270],
		[37, "X1", "T", 995, -505, 90],
		[38, "X2", "T", 695, -845, 180],
		[39, "PAD1", "T", 1092.44, -210, 0],
		[40, "PAD2", "T", 1147.56, -210, 0],
		[41, "PAD3", "T", 1102.44, -790, 0],
		[42, "PAD4", "T", 1157.56, -790, 0],
		[43, "PAD5", "T", 745, -942.44, 0],
		[44, "PAD6", "T", 745, -997.56, 0],
		[45, "PAD7", "T", 645, -942.44, 0],
		[46, "PAD8", "T", 645, -997.56, 0],
		[47, "PAD9", "T", 1057.56, -65, 0],
		[48, "PAD10", "T", 1002.44, -65, 0],
		[49, "PAD11", "T", 266.475, -204.995, 0],
		[50, "PAD12", "T", 203.525, -205.005, 0],
		[51, "PAD13", "T", 266.475, -289.995, 0],
		[52, "PAD14", "T", 203.525, -290.005, 0],
		[53, "PAD15", "T", 860, -539.66, 0],
		[54, "PAD16", "T", 860, -480.34, 0],
		[55, "PAD17", "T", 610, -1164.66, 0],
		[56, "PAD18", "T", 610, -1105.34, 0],
		[57, "PAD19", "T", 1209.66, -65, 0],
		[58, "PAD20", "T", 1150.34, -65, 0],
		[59, "PAD21", "T", 65.34, -205, 0],
		[60, "PAD22", "T", 124.66, -205, 0],
		[61, "PAD23", "T", 65.34, -290, 0],
		[62, "PAD24", "T", 124.66, -290, 0],
		[63, "PAD25", "T", 867.48, -110, 0],
		[64, "PAD26", "T", 552.52, -110, 0],
		[65, "PAD27", "T", 712.32, -563.27, 0],
		[66, "PAD28", "T", 712.32, -543.58, 0],
		[67, "PAD29", "T", 712.32, -523.9, 0],
		[68, "PAD30", "T", 712.32, -504.21, 0],
		[69, "PAD31", "T", 712.32, -484.53, 0],
		[70, "PAD32", "T", 712.32, -464.84, 0],
		[71, "PAD33", "T", 712.32, -445.16, 0],
		[72, "PAD34", "T", 712.32, -425.47, 0],
		[73, "PAD35", "T", 712.32, -405.79, 0],
		[74, "PAD36", "T", 712.32, -386.1, 0],
		[75, "PAD37", "T", 653.27, -287.68, 0],
		[76, "PAD38", "T", 456.42, -287.68, 0],
		[77, "PAD39", "T", 436.73, -287.68, 0],
		[78, "PAD40", "T", 377.68, -405.79, 0],
		[79, "PAD41", "T", 377.68, -425.47, 0],
		[80, "PAD42", "T", 377.68, -445.16, 0],
		[81, "PAD43", "T", 377.68, -523.9, 0],
		[82, "PAD44", "T", 377.68, -543.58, 0],
		[83, "PAD45", "T", 377.68, -563.27, 0],
		[84, "PAD46", "T", 436.73, -622.32, 0],
		[85, "PAD47", "T", 535.16, -622.32, 0],
		[86, "PAD48", "T", 554.84, -622.32, 0],
		[87, "PAD49", "T", 574.53, -622.32, 0],
		[88, "PAD50", "T", 633.58, -622.32, 0],
		[89, "PAD51", "T", 653.27, -622.32, 0],
		[90, "PAD52", "T", 995, -329.8, 0],
		[91, "PAD53", "T", 995, -680.2, 0],
		[92, "PAD54", "T", 644.806, -844.995, 0],
		[93, "PAD55", "T", 745.196, -844.995, 0],
		[94, "PAD56", "T", 1425, -1248.9, 0],
		[95, "PAD56", "B", 1425, -1248.9, 0],
		[96, "PAD57", "T", 1425, -1111.1, 0],
		[97, "PAD57", "B", 1425, -1111.1, 0],
		[98, "PAD58", "T", 1210, -1142.44, 0],
		[99, "PAD59", "T", 1210, -1197.56, 0],
		[100, "PAD60", "T", 610, -1252.44, 0],
		[101, "PAD61", "T", 610, -1307.56, 0],
		[102, "PAD62", "T", 140, -607.56, 0],
		[103, "PAD63", "T", 140, -552.44, 0],
		[104, "PAD64", "T", 65, -607.56, 0],
		[105, "PAD65", "T", 65, -552.44, 0],
		[106, "PAD66", "T", 1409.999, -77.319, 0],
		[107, "PAD67", "T", 1409.999, -242.679, 0],
		[108, "PAD68", "T", 1510, -342.325, 0],
		[109, "PAD69", "T", 1510, -507.675, 0],
		[110, "PAD70", "T", 1760, -634.88, 0],
		[111, "PAD71", "T", 1760, -845.12, 0],
		[112, "PAD72", "T", 1245, -676.69, 0],
		[113, "PAD73", "T", 1245, -813.31, 0],
		[114, "PAD74", "T", 1656.89, -1142.585, 0],
		[115, "PAD74", "B", 1656.89, -1142.585, 0],
		[116, "PAD75", "T", 1893.11, -1142.585, 0],
		[117, "PAD75", "B", 1893.11, -1142.585, 0],
		[118, "PAD76", "T", 90, -95, 0],
		[119, "PAD76", "B", 90, -95, 0],
		[120, "PAD77", "T", 190, -95, 0],
		[121, "PAD77", "B", 190, -95, 0],
		[122, "PAD78", "T", 290, -95, 0],
		[123, "PAD78", "B", 290, -95, 0],
		[124, "PAD79", "T", 390, -95, 0],
		[125, "PAD79", "B", 390, -95, 0],
		[126, "PAD80", "T", 1690, -400, 0],
		[127, "PAD80", "B", 1690, -400, 0],
		[128, "PAD81", "T", 1690, -300, 0],
		[129, "PAD81", "B", 1690, -300, 0],
		[130, "PAD82", "T", 1690, -200, 0],
		[131, "PAD82", "B", 1690, -200, 0],
		[132, "PAD83", "T", 1690, -100, 0],
		[133, "PAD83", "B", 1690, -100, 0],
		[134, "PAD84", "T", 1440, -645.32, 0],
		[135, "PAD85", "T", 1440, -874.68, 0],
		[136, "PAD86", "T", 1235, -969.66, 0],
		[137, "PAD87", "T", 1235, -910.34, 0],
		[138, "PAD88", "T", 765, -1164.66, 0],
		[139, "PAD89", "T", 765, -1105.34, 0],
		[140, "PAD90", "T", 140, -390.34, 0],
		[141, "PAD91", "T", 140, -449.66, 0],
		[142, "PAD92", "T", 65, -449.66, 0],
		[143, "PAD93", "T", 65, -390.34, 0],
		[144, "PAD94", "T", 1130, -1140.34, 0],
		[145, "PAD95", "T", 1130, -1199.66, 0],
		[146, "PAD96", "T", 398.42, -739.565, 0],
		[147, "PAD96", "B", 398.42, -739.565, 0],
		[148, "PAD97", "T", 201.57, -739.565, 0],
		[149, "PAD97", "B", 201.57, -739.565, 0],
		[150, "PAD98", "T", 300, -739.565, 0],
		[151, "PAD98", "B", 300, -739.565, 0],
		[152, "PAD99", "T", 201.57, -1310.435, 0],
		[153, "PAD99", "B", 201.57, -1310.435, 0],
		[154, "PAD100", "T", 398.42, -1310.435, 0],
		[155, "PAD100", "B", 398.42, -1310.435, 0],
		[156, "PAD101", "T", 950, -1239.5, 0],
		[157, "PAD102", "T", 1050, -960.5, 0],
		[158, "PAD103", "T", 1000, -960.5, 0],
		[159, "PAD104", "T", 950, -960.5, 0],
		[160, "PAD105", "T", 900, -960.5, 0],
		[161, "PAD106", "T", 850, -960.5, 0],
		[162, "PAD107", "T", 1159.45, -526.61, 0],
		[163, "PAD108", "T", 1250, -526.61, 0],
		[164, "PAD109", "T", 1340.55, -526.61, 0],
		[165, "PAD110", "T", 1855, -400, 0],
		[166, "PAD110", "B", 1855, -400, 0],
		[167, "PAD111", "T", 1855, -300, 0],
		[168, "PAD111", "B", 1855, -300, 0],
		[169, "PAD112", "T", 1855, -200, 0],
		[170, "PAD112", "B", 1855, -200, 0],
		[171, "PAD113", "T", 1855, -100, 0],
		[172, "PAD113", "B", 1855, -100, 0]
	]
},
"pins": {
	"fields": ["PIN_NO", "PIN_NAME", "PIN_X", "PIN_Y", "LAYER", "PIN_TYPE", "NET_NAME", "NET_TYPE", "PAD_SHAPE", "PAD_SIZEX", "PAD_SIZEY", "HOLE_SIZE", "HOLE_LEN", "PAD_ANGLE"],
	"rows": [
		[1, "C1_1", 1147.56, -210, "T", "SMD", "GND", "GND", "R", 31.496, 35.433, 0, 0, 180],
		[2, "C1_2", 1092.44, -210, "T", "SMD", "OSC_OUT", "", "R", 31.496, 35.433, 0, 0, 180],
		[3, "C2_1", 1157.56, -790, "T", "SMD", "GND", "GND", "R", 31.496, 35.433, 0, 0, 180],
		[4, "C2_2", 1102.44, -790, "T", "SMD", "OSC_IN", "", "R", 31.496, 35.433, 0, 0, 180],
		[5, "C3_1", 745, -997.56, "T", "SMD", "GND", "GND", "R", 31.496, 35.433, 0, 0, 90],
		[6, "C3_2", 745, -942.44, "T", "SMD", "OSC32_OUT", "", "R", 31.496, 35.433, 0, 0, 90],
		[7, "C4_1", 645, -997.56, "T", "SMD", "GND", "GND", "R", 31.496, 35.433, 0, 0, 90],
		[8, "C4_2", 645, -942.44, "T", "SMD", "OSC32_IN", "", "R", 31.496, 35.433, 0, 0, 90],
		[9, "C5_1", 1002.44, -65, "T", "SMD", "RST", "", "R", 31.496, 35.433, 0, 0, 0],
		[10, "C5_2", 1057.56, -65, "T", "SMD", "GND", "GND", "R", 31.496, 35.433, 0, 0, 0],
		[11, "C6_1", 1425, -1111.1, "T", "DIP", "12V", "", "C", 62.992, 62.992, 39.37, 39.37, 0],
		[12, "C6_1", 1425, -1111.1, "B", "DIP", "12V", "", "C", 62.992, 62.992, 39.37, 39.37, 0],
		[13, "C6_2", 1425, -1248.9, "T", "DIP", "GND", "GND", "C", 62.992, 62.992, 39.37, 39.37, 0],
		[14, "C6_2", 1425, -1248.9, "B", "DIP", "GND", "GND", "C", 62.992, 62.992, 39.37, 39.37, 0],
		[15, "C7_1", 1210, -1197.56, "T", "SMD", "5V", "", "R", 31.496, 35.433, 0, 0, 90],
		[16, "C7_2", 1210, -1142.44, "T", "SMD", "$1N5953", "", "R", 31.496, 35.433, 0, 0, 90],
		[17, "C8_1", 610, -1307.56, "T", "SMD", "BUTTON", "", "R", 31.496, 35.433, 0, 0, 90],
		[18, "C8_2", 610, -1252.44, "T", "SMD", "GND", "GND", "R", 31.496, 35.433, 0, 0, 90],
		[19, "C9_1", 140, -552.44, "T", "SMD", "GND", "GND", "R", 31.496, 35.433, 0, 0, 270],
		[20, "C9_2", 140, -607.56, "T", "SMD", "PA8", "", "R", 31.496, 35.433, 0, 0, 270],
		[21, "C10_1", 65, -552.44, "T", "SMD", "GND", "GND", "R", 31.496, 35.433, 0, 0, 270],
		[22, "C10_2", 65, -607.56, "T", "SMD", "PA9", "", "R", 31.496, 35.433, 0, 0, 270],
		[23, "C12_1", 1409.999, -242.679, "T", "SMD", "3V3", "", "R", 110.236, 43.307, 0, 0, 90],
		[24, "C12_2", 1409.999, -77.319, "T", "SMD", "GND", "GND", "R", 110.236, 43.307, 0, 0, 90],
		[25, "C13_1", 1510, -507.675, "T", "SMD", "5V", "", "R", 110.236, 43.307, 0, 0, 90],
		[26, "C13_2", 1510, -342.325, "T", "SMD", "GND", "GND", "R", 110.236, 43.307, 0, 0, 90],
		[27, "Cout_1", 1760, -634.88, "T", "SMD", "5V", "", "R", 137.795, 47.244, 0, 0, 270],
		[28, "Cout_2", 1760, -845.12, "T", "SMD", "GND", "GND", "R", 137.795, 47.244, 0, 0, 270],
		[29, "D1_1", 1245, -813.31, "T", "SMD", "$1N5784", "", "R", 55.118, 47.244, 0, 0, 90],
		[30, "D1_2", 1245, -676.69, "T", "SMD", "GND", "GND", "R", 55.118, 47.244, 0, 0, 90],
		[31, "DC1_1", 1656.89, -1142.585, "T", "DIP", "12V", "", "O", 165.354, 70.866, 39.37, 137.795, 270],
		[32, "DC1_1", 1656.89, -1142.585, "B", "DIP", "12V", "", "O", 165.354, 70.866, 39.37, 137.795, 270],
		[33, "DC1_2", 1893.11, -1142.585, "T", "DIP", "GND", "GND", "O", 157.48, 70.866, 39.37, 129.92, 90],
		[34, "DC1_2", 1893.11, -1142.585, "B", "DIP", "GND", "GND", "O", 157.48, 70.866, 39.37, 129.92, 90],
		[35, "DC1_3", 1775.01, -957.415, "T", "DIP", "NET_1", "", "O", 157.48, 70.866, 39.37, 129.92, 180],
		[36, "DC1_3", 1775.01, -957.415, "B", "DIP", "NET_1", "", "O", 157.48, 70.866, 39.37, 129.92, 180],
		[37, "H1_1", 90, -95, "T", "DIP", "3V3", "", "R", 66.929, 66.929, 43.308, 43.308, 0],
		[38, "H1_1", 90, -95, "B", "DIP", "3V3", "", "R", 66.929, 66.929, 43.308, 43.308, 0],
		[39, "H1_2", 190, -95, "T", "DIP", "SWDIO", "", "C", 66.929, 66.929, 43.308, 43.308, 0],
		[40, "H1_2", 190, -95, "B", "DIP", "SWDIO", "", "C", 66.929, 66.929, 43.308, 43.308, 0],
		[41, "H1_3", 290, -95, "T", "DIP", "SWCLK", "", "C", 66.929, 66.929, 43.308, 43.308, 0],
		[42, "H1_3", 290, -95, "B", "DIP", "SWCLK", "", "C", 66.929, 66.929, 43.308, 43.308, 0],
		[43, "H1_4", 390, -95, "T", "DIP", "GND", "GND", "C", 66.929, 66.929, 43.308, 43.308, 0],
		[44, "H1_4", 390, -95, "B", "DIP", "GND", "GND", "C", 66.929, 66.929, 43.308, 43.308, 0],
		[45, "H2_1", 1690, -400, "T", "DIP", "5V", "", "R", 66.929, 66.929, 43.308, 43.308, 90],
		[46, "H2_1", 1690, -400, "B", "DIP", "5V", "", "R", 66.929, 66.929, 43.308, 43.308, 90],
		[47, "H2_2", 1690, -300, "T", "DIP", "OLED_SCL", "", "C", 66.929, 66.929, 43.308, 43.308, 90],
		[48, "H2_2", 1690, -300, "B", "DIP", "OLED_SCL", "", "C", 66.929, 66.929, 43.308, 43.308, 90],
		[49, "H2_3", 1690, -200, "T", "DIP", "OLED_SDA", "", "C", 66.929, 66.929, 43.308, 43.308, 90],
		[50, "H2_3", 1690, -200, "B", "DIP", "OLED_SDA", "", "C", 66.929, 66.929, 43.308, 43.308, 90],
		[51, "H2_4", 1690, -100, "T", "DIP", "GND", "GND", "C", 66.929, 66.929, 43.308, 43.308, 90],
		[52, "H2_4", 1690, -100, "B", "DIP", "GND", "GND", "C", 66.929, 66.929, 43.308, 43.308, 90],
		[53, "H3_1", 1855, -400, "T", "DIP", "GND", "GND", "R", 66.929, 66.929, 43.308, 43.308, 90],
		[54, "H3_1", 1855, -400, "B", "DIP", "GND", "GND", "R", 66.929, 66.929, 43.308, 43.308, 90],
		[55, "H3_2", 1855, -300, "T", "DIP", "12V", "", "C", 66.929, 66.929, 43.308, 43.308, 90],
		[56, "H3_2", 1855, -300, "B", "DIP", "12V", "", "C", 66.929, 66.929, 43.308, 43.308, 90],
		[57, "H3_3", 1855, -200, "T", "DIP", "PG", "", "C", 66.929, 66.929, 43.308, 43.308, 90],
		[58, "H3_3", 1855, -200, "B", "DIP", "PG", "", "C", 66.929, 66.929, 43.308, 43.308, 90],
		[59, "H3_4", 1855, -100, "T", "DIP", "PWM", "", "C", 66.929, 66.929, 43.308, 43.308, 90],
		[60, "H3_4", 1855, -100, "B", "DIP", "PWM", "", "C", 66.929, 66.929, 43.308, 43.308, 90],
		[61, "L1_1", 1440, -874.68, "T", "SMD", "$1N5784", "", "R", 84.646, 130.709, 0, 0, 90],
		[62, "L1_2", 1440, -645.32, "T", "SMD", "5V", "", "R", 84.646, 130.709, 0, 0, 90],
		[63, "LED1_1", 203.525, -205.005, "T", "SMD", "$1N1990", "", "R", 31.496, 31.496, 0, 0, 90],
		[64, "LED1_2", 266.475, -204.995, "T", "SMD", "TEST_LED", "", "R", 31.496, 31.496, 0, 0, 90],
		[65, "LED2_1", 203.525, -290.005, "T", "SMD", "$1N2116", "", "R", 31.496, 31.496, 0, 0, 90],
		[66, "LED2_2", 266.475, -289.995, "T", "SMD", "3V3", "", "R", 31.496, 31.496, 0, 0, 90],
		[67, "R1_1", 860, -480.34, "T", "SMD", "OSC_OUT", "", "R", 31.751, 34.016, 0, 0, 270],
		[68, "R1_2", 860, -539.66, "T", "SMD", "OSC_IN", "", "R", 31.751, 34.016, 0, 0, 270],
		[69, "R2_1", 610, -1105.34, "T", "SMD", "$1N914", "", "R", 31.751, 34.016, 0, 0, 270],
		[70, "R2_2", 610, -1164.66, "T", "SMD", "GND", "GND", "R", 31.751, 34.016, 0, 0, 270],
		[71, "R3_1", 1150.34, -65, "T", "SMD", "RST", "", "R", 31.751, 34.016, 0, 0, 0],
		[72, "R3_2", 1209.66, -65, "T", "SMD", "3V3", "", "R", 31.751, 34.016, 0, 0, 0],
		[73, "R4_1", 124.66, -205, "T", "SMD", "$1N1990", "", "R", 31.751, 34.016, 0, 0, 180],
		[74, "R4_2", 65.34, -205, "T", "SMD", "GND", "GND", "R", 31.751, 34.016, 0, 0, 180],
		[75, "R5_1", 124.66, -290, "T", "SMD", "$1N2116", "", "R", 31.751, 34.016, 0, 0, 180],
		[76, "R5_2", 65.34, -290, "T", "SMD", "GND", "GND", "R", 31.751, 34.016, 0, 0, 180],
		[77, "R6_1", 1235, -910.34, "T", "SMD", "5V", "", "R", 31.751, 34.016, 0, 0, 270],
		[78, "R6_2", 1235, -969.66, "T", "SMD", "$1N5953", "", "R", 31.751, 34.016, 0, 0, 270],
		[79, "R8_1", 765, -1105.34, "T", "SMD", "$1N6124", "", "R", 31.751, 34.016, 0, 0, 270],
		[80, "R8_2", 765, -1164.66, "T", "SMD", "GND", "GND", "R", 31.751, 34.016, 0, 0, 270],
		[81, "R10_1", 140, -449.66, "T", "SMD", "PA8", "", "R", 31.751, 34.016, 0, 0, 90],
		[82, "R10_2", 140, -390.34, "T", "SMD", "5V", "", "R", 31.751, 34.016, 0, 0, 90],
		[83, "R11_1", 65, -390.34, "T", "SMD", "5V", "", "R", 31.751, 34.016, 0, 0, 270],
		[84, "R11_2", 65, -449.66, "T", "SMD", "PA9", "", "R", 31.751, 34.016, 0, 0, 270],
		[85, "R12_1", 1130, -1199.66, "T", "SMD", "GND", "GND", "R", 31.751, 34.016, 0, 0, 90],
		[86, "R12_2", 1130, -1140.34, "T", "SMD", "$1N5953", "", "R", 31.751, 34.016, 0, 0, 90],
		[87, "SW1_1", 867.48, -110, "T", "SMD", "RST", "", "R", 74.803, 59.055, 0, 0, 180],
		[88, "SW1_2", 552.52, -110, "T", "SMD", "GND", "GND", "R", 74.803, 59.055, 0, 0, 180],
		[89, "SW2_A", 398.42, -739.565, "T", "DIP", "PA8", "", "C", 78.74, 78.74, 47.244, 47.244, 180],
		[90, "SW2_A", 398.42, -739.565, "B", "DIP", "PA8", "", "C", 78.74, 78.74, 47.244, 47.244, 180],
		[91, "SW2_B", 201.57, -739.565, "T", "DIP", "PA9", "", "C", 78.74, 78.74, 47.244, 47.244, 180],
		[92, "SW2_B", 201.57, -739.565, "B", "DIP", "PA9", "", "C", 78.74, 78.74, 47.244, 47.244, 180],
		[93, "SW2_C", 300, -739.565, "T", "DIP", "GND", "GND", "C", 78.74, 78.74, 47.244, 47.244, 180],
		[94, "SW2_C", 300, -739.565, "B", "DIP", "GND", "GND", "C", 78.74, 78.74, 47.244, 47.244, 180],
		[95, "SW2_D", 398.42, -1310.435, "T", "DIP", "BUTTON", "", "C", 78.74, 78.74, 47.244, 47.244, 180],
		[96, "SW2_D", 398.42, -1310.435, "B", "DIP", "BUTTON", "", "C", 78.74, 78.74, 47.244, 47.244, 180],
		[97, "SW2_E", 201.57, -1310.435, "T", "DIP", "GND", "GND", "C", 78.74, 78.74, 47.244, 47.244, 180],
		[98, "SW2_E", 201.57, -1310.435, "B", "DIP", "GND", "GND", "C", 78.74, 78.74, 47.244, 47.244, 180],
		[99, "SW2_EH", 83.465, -1034.845, "T", "DIP", "NET_2", "", "O", 94.488, 141.732, 66.93, 110.236, 180],
		[100, "SW2_EH", 83.465, -1034.845, "B", "DIP", "NET_2", "", "O", 94.488, 141.732, 66.93, 110.236, 180],
		[101, "SW2_EH", 516.535, -1034.845, "T", "DIP", "NET_3", "", "O", 94.488, 141.732, 66.93, 110.236, 180],
		[102, "SW2_EH", 516.535, -1034.845, "B", "DIP", "NET_3", "", "O", 94.488, 141.732, 66.93, 110.236, 180],
		[103, "U3_1", 712.32, -563.27, "T", "SMD", "3V3", "", "O", 10.63, 59.055, 0, 0, 90],
		[104, "U3_2", 712.32, -543.58, "T", "SMD", "TEST_LED", "", "O", 10.63, 59.055, 0, 0, 90],
		[105, "U3_3", 712.32, -523.9, "T", "SMD", "OSC32_IN", "", "O", 10.63, 59.055, 0, 0, 90],
		[106, "U3_4", 712.32, -504.21, "T", "SMD", "OSC32_OUT", "", "O", 10.63, 59.055, 0, 0, 90],
		[107, "U3_5", 712.32, -484.53, "T", "SMD", "OSC_IN", "", "O", 10.63, 59.055, 0, 0, 90],
		[108, "U3_6", 712.32, -464.84, "T", "SMD", "OSC_OUT", "", "O", 10.63, 59.055, 0, 0, 90],
		[109, "U3_7", 712.32, -445.16, "T", "SMD", "RST", "", "O", 10.63, 59.055, 0, 0, 90],
		[110, "U3_8", 712.32, -425.47, "T", "SMD", "GND", "GND", "O", 10.63, 59.055, 0, 0, 90],
		[111, "U3_9", 712.32, -405.79, "T", "SMD", "3V3", "", "O", 10.63, 59.055, 0, 0, 90],
		[112, "U3_10", 712.32, -386.1, "T", "SMD", "PG", "", "O", 10.63, 59.055, 0, 0, 90],
		[113, "U3_11", 712.32, -366.42, "T", "SMD", "NET_4", "", "O", 10.63, 59.055, 0, 0, 90],
		[114, "U3_12", 712.32, -346.73, "T", "SMD", "NET_5", "", "O", 10.63, 59.055, 0, 0, 90],
		[115, "U3_13", 653.27, -287.68, "T", "SMD", "PWM", "", "O", 59.055, 10.63, 0, 0, 90],
		[116, "U3_14", 633.58, -287.68, "T", "SMD", "NET_6", "", "O", 59.055, 10.63, 0, 0, 90],
		[117, "U3_15", 613.9, -287.68, "T", "SMD", "NET_7", "", "O", 59.055, 10.63, 0, 0, 90],
		[118, "U3_16", 594.21, -287.68, "T", "SMD", "NET_8", "", "O", 59.055, 10.63, 0, 0, 90],
		[119, "U3_17", 574.53, -287.68, "T", "SMD", "NET_9", "", "O", 59.055, 10.63, 0, 0, 90],
		[120, "U3_18", 554.84, -287.68, "T", "SMD", "NET_10", "", "O", 59.055, 10.63, 0, 0, 90],
		[121, "U3_19", 535.16, -287.68, "T", "SMD", "NET_11", "", "O", 59.055, 10.63, 0, 0, 90],
		[122, "U3_20", 515.47, -287.68, "T", "SMD", "NET_12", "", "O", 59.055, 10.63, 0, 0, 90],
		[123, "U3_21", 495.79, -287.68, "T", "SMD", "NET_13", "", "O", 59.055, 10.63, 0, 0, 90],
		[124, "U3_22", 476.1, -287.68, "T", "SMD", "NET_14", "", "O", 59.055, 10.63, 0, 0, 90],
		[125, "U3_23", 456.42, -287.68, "T", "SMD", "GND", "GND", "O", 59.055, 10.63, 0, 0, 90],
		[126, "U3_24", 436.73, -287.68, "T", "SMD", "3V3", "", "O", 59.055, 10.63, 0, 0, 90],
		[127, "U3_25", 377.68, -346.73, "T", "SMD", "NET_15", "", "O", 10.63, 59.055, 0, 0, 90],
		[128, "U3_26", 377.68, -366.42, "T", "SMD", "NET_16", "", "O", 10.63, 59.055, 0, 0, 90],
		[129, "U3_27", 377.68, -386.1, "T", "SMD", "NET_17", "", "O", 10.63, 59.055, 0, 0, 90],
		[130, "U3_28", 377.68, -405.79, "T", "SMD", "BUTTON", "", "O", 10.63, 59.055, 0, 0, 90],
		[131, "U3_29", 377.68, -425.47, "T", "SMD", "PA8", "", "O", 10.63, 59.055, 0, 0, 90],
		[132, "U3_30", 377.68, -445.16, "T", "SMD", "PA9", "", "O", 10.63, 59.055, 0, 0, 90],
		[133, "U3_31", 377.68, -464.84, "T", "SMD", "NET_18", "", "O", 10.63, 59.055, 0, 0, 90],
		[134, "U3_32", 377.68, -484.53, "T", "SMD", "NET_19", "", "O", 10.63, 59.055, 0, 0, 90],
		[135, "U3_33", 377.68, -504.21, "T", "SMD", "NET_20", "", "O", 10.63, 59.055, 0, 0, 90],
		[136, "U3_34", 377.68, -523.9, "T", "SMD", "SWDIO", "", "O", 10.63, 59.055, 0, 0, 90],
		[137, "U3_35", 377.68, -543.58, "T", "SMD", "GND", "GND", "O", 10.63, 59.055, 0, 0, 90],
		[138, "U3_36", 377.68, -563.27, "T", "SMD", "3V3", "", "O", 10.63, 59.055, 0, 0, 90],
		[139, "U3_37", 436.73, -622.32, "T", "SMD", "SWCLK", "", "O", 59.055, 10.63, 0, 0, 90],
		[140, "U3_38", 456.42, -622.32, "T", "SMD", "NET_21", "", "O", 59.055, 10.63, 0, 0, 90],
		[141, "U3_39", 476.1, -622.32, "T", "SMD", "NET_22", "", "O", 59.055, 10.63, 0, 0, 90],
		[142, "U3_40", 495.79, -622.32, "T", "SMD", "NET_23", "", "O", 59.055, 10.63, 0, 0, 90],
		[143, "U3_41", 515.47, -622.32, "T", "SMD", "NET_24", "", "O", 59.055, 10.63, 0, 0, 90],
		[144, "U3_42", 535.16, -622.32, "T", "SMD", "OLED_SCL", "", "O", 59.055, 10.63, 0, 0, 90],
		[145, "U3_43", 554.84, -622.32, "T", "SMD", "OLED_SDA", "", "O", 59.055, 10.63, 0, 0, 90],
		[146, "U3_44", 574.53, -622.32, "T", "SMD", "$1N914", "", "O", 59.055, 10.63, 0, 0, 90],
		[147, "U3_45", 594.21, -622.32, "T", "SMD", "NET_25", "", "O", 59.055, 10.63, 0, 0, 90],
		[148, "U3_46", 613.9, -622.32, "T", "SMD", "NET_26", "", "O", 59.055, 10.63, 0, 0, 90],
		[149, "U3_47", 633.58, -622.32, "T", "SMD", "GND", "GND", "O", 59.055, 10.63, 0, 0, 90],
		[150, "U3_48", 653.27, -622.32, "T", "SMD", "3V3", "", "O", 59.055, 10.63, 0, 0, 90],
		[151, "U4_1", 1050, -960.5, "T", "SMD", "12V", "", "R", 32.5, 86.614, 0, 0, 180],
		[152, "U4_2", 1000, -960.5, "T", "SMD", "$1N5784", "", "R", 32.5, 86.614, 0, 0, 180],
		[153, "U4_3", 950, -960.5, "T", "SMD", "GND", "GND", "R", 32.5, 86.614, 0, 0, 180],
		[154, "U4_4", 900, -960.5, "T", "SMD", "$1N5953", "", "R", 32.5, 86.614, 0, 0, 180],
		[155, "U4_5", 850, -960.5, "T", "SMD", "$1N6124", "", "R", 32.5, 86.614, 0, 0, 180],
		[156, "U4_6", 950, -1239.5, "T", "SMD", "GND", "GND", "R", 244.5, 244.5, 0, 0, 180],
		[157, "U5_1", 1159.45, -526.61, "T", "SMD", "GND", "GND", "R", 97.244, 38.583, 0, 0, 270],
		[158, "U5_2", 1250, -526.61, "T", "SMD", "3V3", "", "R", 97.244, 38.583, 0, 0, 270],
		[159, "U5_3", 1340.55, -526.61, "T", "SMD", "5V", "", "R", 97.244, 38.583, 0, 0, 270],
		[160, "U5_4", 1250, -303.39, "T", "SMD", "NET_27", "", "R", 97.244, 141.732, 0, 0, 270],
		[161, "X1_1", 995, -680.2, "T", "SMD", "OSC_IN", "", "R", 216.535, 78.74, 0, 0, 90],
		[162, "X1_2", 995, -329.8, "T", "SMD", "OSC_OUT", "", "R", 216.535, 78.74, 0, 0, 90],
		[163, "X2_1", 745.196, -844.995, "T", "SMD", "OSC32_OUT", "", "R", 41.339, 66.929, 0, 0, 180],
		[164, "X2_2", 644.806, -844.995, "T", "SMD", "OSC32_IN", "", "R", 41.339, 66.929, 0, 0, 180],
		[165, "PAD1_2", 1092.44, -210, "T", "SMD", "OSC_OUT", "", "R", 31.496, 35.433, 0, 0, 180],
		[166, "PAD2_1", 1147.56, -210, "T", "SMD", "GND", "GND", "R", 31.496, 35.433, 0, 0, 180],
		[167, "PAD3_2", 1102.44, -790, "T", "SMD", "OSC_IN", "", "R", 31.496, 35.433, 0, 0, 180],
		[168, "PAD4_1", 1157.56, -790, "T", "SMD", "GND", "GND", "R", 31.496, 35.433, 0, 0, 180],
		[169, "PAD5_2", 745, -942.44, "T", "SMD", "OSC32_OUT", "", "R", 31.496, 35.433, 0, 0, 90],
		[170, "PAD6_1", 745, -997.56, "T", "SMD", "GND", "GND", "R", 31.496, 35.433, 0, 0, 90],
		[171, "PAD7_2", 645, -942.44, "T", "SMD", "OSC32_IN", "", "R", 31.496, 35.433, 0, 0, 90],
		[172, "PAD8_1", 645, -997.56, "T", "SMD", "GND", "GND", "R", 31.496, 35.433, 0, 0, 90],
		[173, "PAD9_2", 1057.56, -65, "T", "SMD", "GND", "GND", "R", 31.496, 35.433, 0, 0, 0],
		[174, "PAD10_1", 1002.44, -65, "T", "SMD", "RST", "", "R", 31.496, 35.433, 0, 0, 0],
		[175, "PAD11_2", 266.475, -204.995, "T", "SMD", "TEST_LED", "", "R", 31.496, 31.496, 0, 0, 90],
		[176, "PAD12_1", 203.525, -205.005, "T", "SMD", "$1N1990", "", "R", 31.496, 31.496, 0, 0, 90],
		[177, "PAD13_2", 266.475, -289.995, "T", "SMD", "3V3", "", "R", 31.496, 31.496, 0, 0, 90],
		[178, "PAD14_1", 203.525, -290.005, "T", "SMD", "$1N2116", "", "R", 31.496, 31.496, 0, 0, 90],
		[179, "PAD15_2", 860, -539.66, "T", "SMD", "OSC_IN", "", "R", 31.751, 34.016, 0, 0, 270],
		[180, "PAD16_1", 860, -480.34, "T", "SMD", "OSC_OUT", "", "R", 31.751, 34.016, 0, 0, 270],
		[181, "PAD17_2", 610, -1164.66, "T", "SMD", "GND", "GND", "R", 31.751, 34.016, 0, 0, 270],
		[182, "PAD18_1", 610, -1105.34, "T", "SMD", "$1N914", "", "R", 31.751, 34.016, 0, 0, 270],
		[183, "PAD19_2", 1209.66, -65, "T", "SMD", "3V3", "", "R", 31.751, 34.016, 0, 0, 0],
		[184, "PAD20_1", 1150.34, -65, "T", "SMD", "RST", "", "R", 31.751, 34.016, 0, 0, 0],
		[185, "PAD21_2", 65.34, -205, "T", "SMD", "GND", "GND", "R", 31.751, 34.016, 0, 0, 180],
		[186, "PAD22_1", 124.66, -205, "T", "SMD", "$1N1990", "", "R", 31.751, 34.016, 0, 0, 180],
		[187, "PAD23_2", 65.34, -290, "T", "SMD", "GND", "GND", "R", 31.751, 34.016, 0, 0, 180],
		[188, "PAD24_1", 124.66, -290, "T", "SMD", "$1N2116", "", "R", 31.751, 34.016, 0, 0, 180],
		[189, "PAD25_1", 867.48, -110, "T", "SMD", "RST", "", "R", 74.803, 59.055, 0, 0, 180],
		[190, "PAD26_2", 552.52, -110, "T", "SMD", "GND", "GND", "R", 74.803, 59.055, 0, 0, 180],
		[191, "PAD27_1", 712.32, -563.27, "T", "SMD", "3V3", "", "O", 10.63, 59.055, 0, 0, 90],
		[192, "PAD28_2", 712.32, -543.58, "T", "SMD", "TEST_LED", "", "O", 10.63, 59.055, 0, 0, 90],
		[193, "PAD29_3", 712.32, -523.9, "T", "SMD", "OSC32_IN", "", "O", 10.63, 59.055, 0, 0, 90],
		[194, "PAD30_4", 712.32, -504.21, "T", "SMD", "OSC32_OUT", "", "O", 10.63, 59.055, 0, 0, 90],
		[195, "PAD31_5", 712.32, -484.53, "T", "SMD", "OSC_IN", "", "O", 10.63, 59.055, 0, 0, 90],
		[196, "PAD32_6", 712.32, -464.84, "T", "SMD", "OSC_OUT", "", "O", 10.63, 59.055, 0, 0, 90],
		[197, "PAD33_7", 712.32, -445.16, "T", "SMD", "RST", "", "O", 10.63, 59.055, 0, 0, 90],
		[198, "PAD34_8", 712.32, -425.47, "T", "SMD", "GND", "GND", "O", 10.63, 59.055, 0, 0, 90],
		[199, "PAD35_9", 712.32, -405.79, "T", "SMD", "3V3", "", "O", 10.63, 59.055, 0, 0, 90],
		[200, "PAD36_10", 712.32, -386.1, "T", "SMD", "PG", "", "O", 10.63, 59.055, 0, 0, 90],
		[201, "PAD37_13", 653.27, -287.68, "T", "SMD", "PWM", "", "O", 59.055, 10.63, 0, 0, 90],
		[202, "PAD38_23", 456.42, -287.68, "T", "SMD", "GND", "GND", "O", 59.055, 10.63, 0, 0, 90],
		[203, "PAD39_24", 436.73, -287.68, "T", "SMD", "3V3", "", "O", 59.055, 10.63, 0, 0, 90],
		[204, "PAD40_28", 377.68, -405.79, "T", "SMD", "BUTTON", "", "O", 10.63, 59.055, 0, 0, 90],
		[205, "PAD41_29", 377.68, -425.47, "T", "SMD", "PA8", "", "O", 10.63, 59.055, 0, 0, 90],
		[206, "PAD42_30", 377.68, -445.16, "T", "SMD", "PA9", "", "O", 10.63, 59.055, 0, 0, 90],
		[207, "PAD43_34", 377.68, -523.9, "T", "SMD", "SWDIO", "", "O", 10.63, 59.055, 0, 0, 90],
		[208, "PAD44_35", 377.68, -543.58, "T", "SMD", "GND", "GND", "O", 10.63, 59.055, 0, 0, 90],
		[209, "PAD45_36", 377.68, -563.27, "T", "SMD", "3V3", "", "O", 10.63, 59.055, 0, 0, 90],
		[210, "PAD46_37", 436.73, -622.32, "T", "SMD", "SWCLK", "", "O", 59.055, 10.63, 0, 0, 90],
		[211, "PAD47_42", 535.16, -622.32, "T", "SMD", "OLED_SCL", "", "O", 59.055, 10.63, 0, 0, 90],
		[212, "PAD48_43", 554.84, -622.32, "T", "SMD", "OLED_SDA", "", "O", 59.055, 10.63, 0, 0, 90],
		[213, "PAD49_44", 574.53, -622.32, "T", "SMD", "$1N914", "", "O", 59.055, 10.63, 0, 0, 90],
		[214, "PAD50_47", 633.58, -622.32, "T", "SMD", "GND", "GND", "O", 59.055, 10.63, 0, 0, 90],
		[215, "PAD51_48", 653.27, -622.32, "T", "SMD", "3V3", "", "O", 59.055, 10.63, 0, 0, 90],
		[216, "PAD52_2", 995, -329.8, "T", "SMD", "OSC_OUT", "", "R", 216.535, 78.74, 0, 0, 90],
		[217, "PAD53_1", 995, -680.2, "T", "SMD", "OSC_IN", "", "R", 216.535, 78.74, 0, 0, 90],
		[218, "PAD54_2", 644.806, -844.995, "T", "SMD", "OSC32_IN", "", "R", 41.339, 66.929, 0, 0, 180],
		[219, "PAD55_1", 745.196, -844.995, "T", "SMD", "OSC32_OUT", "", "R", 41.339, 66.929, 0, 0, 180],
		[220, "PAD56_2", 1425, -1248.9, "T", "DIP", "GND", "GND", "C", 62.992, 62.992, 39.37, 39.37, 0],
		[221, "PAD56_2", 1425, -1248.9, "B", "DIP", "GND", "GND", "C", 62.992, 62.992, 39.37, 39.37, 0],
		[222, "PAD57_1", 1425, -1111.1, "T", "DIP", "12V", "", "C", 62.992, 62.992, 39.37, 39.37, 0],
		[223, "PAD57_1", 1425, -1111.1, "B", "DIP", "12V", "", "C", 62.992, 62.992, 39.37, 39.37, 0],
		[224, "PAD58_2", 1210, -1142.44, "T", "SMD", "$1N5953", "", "R", 31.496, 35.433, 0, 0, 90],
		[225, "PAD59_1", 1210, -1197.56, "T", "SMD", "5V", "", "R", 31.496, 35.433, 0, 0, 90],
		[226, "PAD60_2", 610, -1252.44, "T", "SMD", "GND", "GND", "R", 31.496, 35.433, 0, 0, 90],
		[227, "PAD61_1", 610, -1307.56, "T", "SMD", "BUTTON", "", "R", 31.496, 35.433, 0, 0, 90],
		[228, "PAD62_2", 140, -607.56, "T", "SMD", "PA8", "", "R", 31.496, 35.433, 0, 0, 270],
		[229, "PAD63_1", 140, -552.44, "T", "SMD", "GND", "GND", "R", 31.496, 35.433, 0, 0, 270],
		[230, "PAD64_2", 65, -607.56, "T", "SMD", "PA9", "", "R", 31.496, 35.433, 0, 0, 270],
		[231, "PAD65_1", 65, -552.44, "T", "SMD", "GND", "GND", "R", 31.496, 35.433, 0, 0, 270],
		[232, "PAD66_2", 1409.999, -77.319, "T", "SMD", "GND", "GND", "R", 110.236, 43.307, 0, 0, 90],
		[233, "PAD67_1", 1409.999, -242.679, "T", "SMD", "3V3", "", "R", 110.236, 43.307, 0, 0, 90],
		[234, "PAD68_2", 1510, -342.325, "T", "SMD", "GND", "GND", "R", 110.236, 43.307, 0, 0, 90],
		[235, "PAD69_1", 1510, -507.675, "T", "SMD", "5V", "", "R", 110.236, 43.307, 0, 0, 90],
		[236, "PAD70_1", 1760, -634.88, "T", "SMD", "5V", "", "R", 137.795, 47.244, 0, 0, 270],
		[237, "PAD71_2", 1760, -845.12, "T", "SMD", "GND", "GND", "R", 137.795, 47.244, 0, 0, 270],
		[238, "PAD72_2", 1245, -676.69, "T", "SMD", "GND", "GND", "R", 55.118, 47.244, 0, 0, 90],
		[239, "PAD73_1", 1245, -813.31, "T", "SMD", "$1N5784", "", "R", 55.118, 47.244, 0, 0, 90],
		[240, "PAD74_1", 1656.89, -1142.585, "T", "DIP", "12V", "", "O", 165.354, 70.866, 39.37, 137.795, 270],
		[241, "PAD74_1", 1656.89, -1142.585, "B", "DIP", "12V", "", "O", 165.354, 70.866, 39.37, 137.795, 270],
		[242, "PAD75_2", 1893.11, -1142.585, "T", "DIP", "GND", "GND", "O", 157.48, 70.866, 39.37, 129.92, 90],
		[243, "PAD75_2", 1893.11, -1142.585, "B", "DIP", "GND", "GND", "O", 157.48, 70.866, 39.37, 129.92, 90],
		[244, "PAD76_1", 90, -95, "T", "DIP", "3V3", "", "R", 66.929, 66.929, 43.308, 43.308, 0],
		[245, "PAD76_1", 90, -95, "B", "DIP", "3V3", "", "R", 66.929, 66.929, 43.308, 43.308, 0],
		[246, "PAD77_2", 190, -95, "T", "DIP", "SWDIO", "", "C", 66.929, 66.929, 43.308, 43.308, 0],
		[247, "PAD77_2", 190, -95, "B", "DIP", "SWDIO", "", "C", 66.929, 66.929, 43.308, 43.308, 0],
		[248, "PAD78_3", 290, -95, "T", "DIP", "SWCLK", "", "C", 66.929, 66.929, 43.308, 43.308, 0],
		[249, "PAD78_3", 290, -95, "B", "DIP", "SWCLK", "", "C", 66.929, 66.929, 43.308, 43.308, 0],
		[250, "PAD79_4", 390, -95, "T", "DIP", "GND", "GND", "C", 66.929, 66.929, 43.308, 43.308, 0],
		[251, "PAD79_4", 390, -95, "B", "DIP", "GND", "GND", "C", 66.929, 66.929, 43.308, 43.308, 0],
		[252, "PAD80_1", 1690, -400, "T", "DIP", "5V", "", "R", 66.929, 66.929, 43.308, 43.308, 90],
		[253, "PAD80_1", 1690, -400, "B", "DIP", "5V", "", "R", 66.929, 66.929, 43.308, 43.308, 90],
		[254, "PAD81_2", 1690, -300, "T", "DIP", "OLED_SCL", "", "C", 66.929, 66.929, 43.308, 43.308, 90],
		[255, "PAD81_2", 1690, -300, "B", "DIP", "OLED_SCL", "", "C", 66.929, 66.929, 43.308, 43.308, 90],
		[256, "PAD82_3", 1690, -200, "T", "DIP", "OLED_SDA", "", "C", 66.929, 66.929, 43.308, 43.308, 90],
		[257, "PAD82_3", 1690, -200, "B", "DIP", "OLED_SDA", "", "C", 66.929, 66.929, 43.308, 43.308, 90],
		[258, "PAD83_4", 1690, -100, "T", "DIP", "GND", "GND", "C", 66.929, 66.929, 43.308, 43.308, 90],
		[259, "PAD83_4", 1690, -100, "B", "DIP", "GND", "GND", "C", 66.929, 66.929, 43.308, 43.308, 90],
		[260, "PAD84_2", 1440, -645.32, "T", "SMD", "5V", "", "R", 84.646, 130.709, 0, 0, 90],
		[261, "PAD85_1", 1440, -874.68, "T", "SMD", "$1N5784", "", "R", 84.646, 130.709, 0, 0, 90],
		[262, "PAD86_2", 1235, -969.66, "T", "SMD", "$1N5953", "", "R", 31.751, 34.016, 0, 0, 270],
		[263, "PAD87_1", 1235, -910.34, "T", "SMD", "5V", "", "R", 31.751, 34.016, 0, 0, 270],
		[264, "PAD88_2", 765, -1164.66, "T", "SMD", "GND", "GND", "R", 31.751, 34.016, 0, 0, 270],
		[265, "PAD89_1", 765, -1105.34, "T", "SMD", "$1N6124", "", "R", 31.751, 34.016, 0, 0, 270],
		[266, "PAD90_2", 140, -390.34, "T", "SMD", "5V", "", "R", 31.751, 34.016, 0, 0, 90],
		[267, "PAD91_1", 140, -449.66, "T", "SMD", "PA8", "", "R", 31.751, 34.016, 0, 0, 90],
		[268, "PAD92_2", 65, -449.66, "T", "SMD", "PA9", "", "R", 31.751, 34.016, 0, 0, 270],
		[269, "PAD93_1", 65, -390.34, "T", "SMD", "5V", "", "R", 31.751, 34.016, 0, 0, 270],
		[270, "PAD94_2", 1130, -1140.34, "T", "SMD", "$1N5953", "", "R", 31.751, 34.016, 0, 0, 90],
		[271, "PAD95_1", 1130, -1199.66, "T", "SMD", "GND", "GND", "R", 31.751, 34.016, 0, 0, 90],
		[272, "PAD96_A", 398.42, -739.565, "T", "DIP", "PA8", "", "C", 78.74, 78.74, 47.244, 47.244, 180],
		[273, "PAD96_A", 398.42, -739.565, "B", "DIP", "PA8", "", "C", 78.74, 78.74, 47.244, 47.244, 180],
		[274, "PAD97_B", 201.57, -739.565, "T", "DIP", "PA9", "", "C", 78.74, 78.74, 47.244, 47.244, 180],
		[275, "PAD97_B", 201.57, -739.565, "B", "DIP", "PA9", "", "C", 78.74, 78.74, 47.244, 47.244, 180],
		[276, "PAD98_C", 300, -739.565, "T", "DIP", "GND", "GND", "C", 78.74, 78.74, 47.244, 47.244, 180],
		[277, "PAD98_C", 300, -739.565, "B", "DIP", "GND", "GND", "C", 78.74, 78.74, 47.244, 47.244, 180],
		[278, "PAD99_E", 201.57, -1310.435, "T", "DIP", "GND", "GND", "C", 78.74, 78.74, 47.244, 47.244, 180],
		[279, "PAD99_E", 201.57, -1310.435, "B", "DIP", "GND", "GND", "C", 78.74, 78.74, 47.244, 47.244, 180],
		[280, "PAD100_D", 398.42, -1310.435, "T", "DIP", "BUTTON", "", "C", 78.74, 78.74, 47.244, 47.244, 180],
		[281, "PAD100_D", 398.42, -1310.435, "B", "DIP", "BUTTON", "", "C", 78.74, 78.74, 47.244, 47.244, 180],
		[282, "PAD101_6", 950, -1239.5, "T", "SMD", "GND", "GND", "R", 244.5, 244.5, 0, 0, 180],
		[283, "PAD102_1", 1050, -960.5, "T", "SMD", "12V", "", "R", 32.5, 86.614, 0, 0, 180],
		[284, "PAD103_2", 1000, -960.5, "T", "SMD", "$1N5784", "", "R", 32.5, 86.614, 0, 0, 180],
		[285, "PAD104_3", 950, -960.5, "T", "SMD", "GND", "GND", "R", 32.5, 86.614, 0, 0, 180],
		[286, "PAD105_4", 900, -960.5, "T", "SMD", "$1N5953", "", "R", 32.5, 86.614, 0, 0, 180],
		[287, "PAD106_5", 850, -960.5, "T", "SMD", "$1N6124", "", "R", 32.5, 86.614, 0, 0, 180],
		[288, "PAD107_1", 1159.45, -526.61, "T", "SMD", "GND", "GND", "R", 97.244, 38.583, 0, 0, 270],
		[289, "PAD108_2", 1250, -526.61, "T", "SMD", "3V3", "", "R", 97.244, 38.583, 0, 0, 270],
		[290, "PAD109_3", 1340.55, -526.61, "T", "SMD", "5V", "", "R", 97.244, 38.583, 0, 0, 270],
		[291, "PAD110_1", 1855, -400, "T", "DIP", "GND", "GND", "R", 66.929, 66.929, 43.308, 43.308, 90],
		[292, "PAD110_1", 1855, -400, "B", "DIP", "GND", "GND", "R", 66.929, 66.929, 43.308, 43.308, 90],
		[293, "PAD111_2", 1855, -300, "T", "DIP", "12V", "", "C", 66.929, 66.929, 43.308, 43.308, 90],
		[294, "PAD111_2", 1855, -300, "B", "DIP", "12V", "", "C", 66.929, 66.929, 43.308, 43.308, 90],
		[295, "PAD112_3", 1855, -200, "T", "DIP", "PG", "", "C", 66.929, 66.929, 43.308, 43.308, 90],
		[296, "PAD112_3", 1855, -200, "B", "DIP", "PG", "", "C", 66.929, 66.929, 43.308, 43.308, 90],
		[297, "PAD113_4", 1855, -100, "T", "DIP", "PWM", "", "C", 66.929, 66.929, 43.308, 43.308, 90],
		[298, "PAD113_4", 1855, -100, "B", "DIP", "PWM", "", "C", 66.929, 66.929, 43.308, 43.308, 90]
	]
}
}